group,n_early,n_late,T_early,T_late,delta_T,pct_delta_T,M_early,M_late,margin_early,margin_late,delta_margin
Anglosphere ex-US,145,42,2135.0566366196504,1087.118869631344,-1047.9377669883063,-49.08243411507173,119.77848101265822,119.77848101265822,2015.2781556069922,967.3403886186859,-1047.9377669883063
Continental Europe,351,146,3052.5811664166226,3627.5246220527833,574.9434556361607,18.834665625323172,129.0692124105012,129.0692124105012,2923.5119540061214,3498.455409642282,574.9434556361607
Hindu,83,120,1496.6707298954047,6176.271077450179,4679.600347554775,312.6673258240181,66.04072398190046,66.04072398190046,1430.6300059135042,6110.230353468279,4679.600347554775
Islamic,88,106,1266.1762538542591,3987.231058125049,2721.0548042707896,214.90331981727337,126.52032520325203,126.52032520325203,1139.6559286510071,3860.710732921797,2721.0548042707896
Japanese,169,61,1582.3100062166864,1002.2017936037198,-580.1082126129666,-36.66210858389306,50.47533632286996,50.47533632286996,1531.8346698938165,951.7264572808499,-580.1082126129666
Other Civilizations,125,98,917.6161451051325,2516.335227941308,1598.7190828361754,174.22525653719924,104.59615384615385,104.59615384615385,813.0199912589787,2411.739074095154,1598.7190828361754
Other Western,90,55,634.0301287116886,936.1666031658433,302.1364744541547,47.65333077594878,57.16981132075472,57.16981132075472,576.8603173909339,878.9967918450886,302.1364744541547
Sinic,270,113,5562.279593439036,5883.851042174102,321.57144873506604,5.781288828313742,112.34408602150538,112.34408602150538,5449.935507417531,5771.506956152597,321.57144873506604
United States,244,120,3157.0944409034887,3424.03776770134,266.9433267978511,8.455348162516735,132.49329758713137,132.49329758713137,3024.601143316357,3291.5444701142083,266.9433267978511
