origin_group,year,compartment,count
Anglosphere ex-US,2000,A,155
Anglosphere ex-US,2000,D,1820
Anglosphere ex-US,2000,H_A,90
Anglosphere ex-US,2000,H_D,897
Anglosphere ex-US,2000,P_A,306
Anglosphere ex-US,2000,P_D,2811
Anglosphere ex-US,2001,A,241
Anglosphere ex-US,2001,D,2714
Anglosphere ex-US,2001,H_A,170
Anglosphere ex-US,2001,H_D,1373
Anglosphere ex-US,2001,P_A,664
Anglosphere ex-US,2001,P_D,4781
Anglosphere ex-US,2002,A,374
Anglosphere ex-US,2002,D,4345
Anglosphere ex-US,2002,H_A,257
Anglosphere ex-US,2002,H_D,1796
Anglosphere ex-US,2002,P_A,1428
Anglosphere ex-US,2002,P_D,7475
Anglosphere ex-US,2003,A,427
Anglosphere ex-US,2003,D,4931
Anglosphere ex-US,2003,H_A,309
Anglosphere ex-US,2003,H_D,2143
Anglosphere ex-US,2003,P_A,2043
Anglosphere ex-US,2003,P_D,8619
Anglosphere ex-US,2004,A,514
Anglosphere ex-US,2004,D,5466
Anglosphere ex-US,2004,H_A,378
Anglosphere ex-US,2004,H_D,2444
Anglosphere ex-US,2004,P_A,2620
Anglosphere ex-US,2004,P_D,9707
Anglosphere ex-US,2005,A,569
Anglosphere ex-US,2005,D,6014
Anglosphere ex-US,2005,H_A,451
Anglosphere ex-US,2005,H_D,2867
Anglosphere ex-US,2005,P_A,3264
Anglosphere ex-US,2005,P_D,10907
Anglosphere ex-US,2006,A,669
Anglosphere ex-US,2006,D,6474
Anglosphere ex-US,2006,H_A,556
Anglosphere ex-US,2006,H_D,3252
Anglosphere ex-US,2006,P_A,3978
Anglosphere ex-US,2006,P_D,11699
Anglosphere ex-US,2007,A,748
Anglosphere ex-US,2007,D,6745
Anglosphere ex-US,2007,H_A,707
Anglosphere ex-US,2007,H_D,3578
Anglosphere ex-US,2007,P_A,4519
Anglosphere ex-US,2007,P_D,12566
Anglosphere ex-US,2008,A,828
Anglosphere ex-US,2008,D,6965
Anglosphere ex-US,2008,H_A,829
Anglosphere ex-US,2008,H_D,4047
Anglosphere ex-US,2008,P_A,5043
Anglosphere ex-US,2008,P_D,13159
Anglosphere ex-US,2009,A,913
Anglosphere ex-US,2009,D,7247
Anglosphere ex-US,2009,H_A,877
Anglosphere ex-US,2009,H_D,4254
Anglosphere ex-US,2009,P_A,5544
Anglosphere ex-US,2009,P_D,13818
Anglosphere ex-US,2010,A,963
Anglosphere ex-US,2010,D,7576
Anglosphere ex-US,2010,H_A,981
Anglosphere ex-US,2010,H_D,4540
Anglosphere ex-US,2010,P_A,6025
Anglosphere ex-US,2010,P_D,14428
Anglosphere ex-US,2011,A,1002
Anglosphere ex-US,2011,D,7755
Anglosphere ex-US,2011,H_A,1103
Anglosphere ex-US,2011,H_D,4764
Anglosphere ex-US,2011,P_A,6391
Anglosphere ex-US,2011,P_D,14960
Anglosphere ex-US,2012,A,1086
Anglosphere ex-US,2012,D,7945
Anglosphere ex-US,2012,H_A,1188
Anglosphere ex-US,2012,H_D,5064
Anglosphere ex-US,2012,P_A,6729
Anglosphere ex-US,2012,P_D,15322
Anglosphere ex-US,2013,A,1131
Anglosphere ex-US,2013,D,8106
Anglosphere ex-US,2013,H_A,1311
Anglosphere ex-US,2013,H_D,5341
Anglosphere ex-US,2013,P_A,7007
Anglosphere ex-US,2013,P_D,15827
Anglosphere ex-US,2014,A,1197
Anglosphere ex-US,2014,D,8340
Anglosphere ex-US,2014,H_A,1419
Anglosphere ex-US,2014,H_D,5592
Anglosphere ex-US,2014,P_A,7286
Anglosphere ex-US,2014,P_D,16158
Anglosphere ex-US,2015,A,1204
Anglosphere ex-US,2015,D,8524
Anglosphere ex-US,2015,H_A,1537
Anglosphere ex-US,2015,H_D,5882
Anglosphere ex-US,2015,P_A,7559
Anglosphere ex-US,2015,P_D,16435
Anglosphere ex-US,2016,A,1205
Anglosphere ex-US,2016,D,8428
Anglosphere ex-US,2016,H_A,1682
Anglosphere ex-US,2016,H_D,6265
Anglosphere ex-US,2016,P_A,7736
Anglosphere ex-US,2016,P_D,16534
Anglosphere ex-US,2017,A,1098
Anglosphere ex-US,2017,D,6919
Anglosphere ex-US,2017,H_A,1700
Anglosphere ex-US,2017,H_D,5451
Anglosphere ex-US,2017,P_A,7806
Anglosphere ex-US,2017,P_D,15852
Anglosphere ex-US,2018,A,969
Anglosphere ex-US,2018,D,5664
Anglosphere ex-US,2018,H_A,1654
Anglosphere ex-US,2018,H_D,4687
Anglosphere ex-US,2018,P_A,7847
Anglosphere ex-US,2018,P_D,15102
Anglosphere ex-US,2019,A,847
Anglosphere ex-US,2019,D,4561
Anglosphere ex-US,2019,H_A,1486
Anglosphere ex-US,2019,H_D,3917
Anglosphere ex-US,2019,P_A,7782
Anglosphere ex-US,2019,P_D,14371
Anglosphere ex-US,2020,A,781
Anglosphere ex-US,2020,D,3444
Anglosphere ex-US,2020,H_A,1442
Anglosphere ex-US,2020,H_D,3007
Anglosphere ex-US,2020,P_A,8298
Anglosphere ex-US,2020,P_D,12621
Anglosphere ex-US,2021,A,452
Anglosphere ex-US,2021,D,3205
Anglosphere ex-US,2021,H_A,777
Anglosphere ex-US,2021,H_D,3339
Anglosphere ex-US,2021,P_A,4725
Anglosphere ex-US,2021,P_D,17095
Anglosphere ex-US,2022,A,403
Anglosphere ex-US,2022,D,2832
Anglosphere ex-US,2022,H_A,700
Anglosphere ex-US,2022,H_D,3085
Anglosphere ex-US,2022,P_A,4889
Anglosphere ex-US,2022,P_D,17684
Anglosphere ex-US,2023,A,347
Anglosphere ex-US,2023,D,2500
Anglosphere ex-US,2023,H_A,618
Anglosphere ex-US,2023,H_D,2883
Anglosphere ex-US,2023,P_A,4908
Anglosphere ex-US,2023,P_D,18337
Continental Europe,2000,A,237
Continental Europe,2000,D,4619
Continental Europe,2000,H_A,128
Continental Europe,2000,H_D,2006
Continental Europe,2000,P_A,426
Continental Europe,2000,P_D,5954
Continental Europe,2001,A,346
Continental Europe,2001,D,7117
Continental Europe,2001,H_A,245
Continental Europe,2001,H_D,3106
Continental Europe,2001,P_A,922
Continental Europe,2001,P_D,10183
Continental Europe,2002,A,512
Continental Europe,2002,D,10625
Continental Europe,2002,H_A,380
Continental Europe,2002,H_D,4089
Continental Europe,2002,P_A,1828
Continental Europe,2002,P_D,16106
Continental Europe,2003,A,611
Continental Europe,2003,D,12266
Continental Europe,2003,H_A,517
Continental Europe,2003,H_D,4952
Continental Europe,2003,P_A,2536
Continental Europe,2003,P_D,19388
Continental Europe,2004,A,711
Continental Europe,2004,D,13784
Continental Europe,2004,H_A,617
Continental Europe,2004,H_D,5864
Continental Europe,2004,P_A,3216
Continental Europe,2004,P_D,22421
Continental Europe,2005,A,809
Continental Europe,2005,D,15274
Continental Europe,2005,H_A,744
Continental Europe,2005,H_D,6850
Continental Europe,2005,P_A,4117
Continental Europe,2005,P_D,25793
Continental Europe,2006,A,950
Continental Europe,2006,D,16968
Continental Europe,2006,H_A,928
Continental Europe,2006,H_D,7841
Continental Europe,2006,P_A,5153
Continental Europe,2006,P_D,28806
Continental Europe,2007,A,1088
Continental Europe,2007,D,18147
Continental Europe,2007,H_A,1049
Continental Europe,2007,H_D,8925
Continental Europe,2007,P_A,5956
Continental Europe,2007,P_D,31642
Continental Europe,2008,A,1186
Continental Europe,2008,D,19461
Continental Europe,2008,H_A,1263
Continental Europe,2008,H_D,10261
Continental Europe,2008,P_A,6764
Continental Europe,2008,P_D,34564
Continental Europe,2009,A,1286
Continental Europe,2009,D,20807
Continental Europe,2009,H_A,1383
Continental Europe,2009,H_D,11221
Continental Europe,2009,P_A,7499
Continental Europe,2009,P_D,37485
Continental Europe,2010,A,1381
Continental Europe,2010,D,21975
Continental Europe,2010,H_A,1522
Continental Europe,2010,H_D,12322
Continental Europe,2010,P_A,8216
Continental Europe,2010,P_D,40360
Continental Europe,2011,A,1477
Continental Europe,2011,D,23004
Continental Europe,2011,H_A,1620
Continental Europe,2011,H_D,13522
Continental Europe,2011,P_A,8788
Continental Europe,2011,P_D,42789
Continental Europe,2012,A,1590
Continental Europe,2012,D,23907
Continental Europe,2012,H_A,1796
Continental Europe,2012,H_D,14477
Continental Europe,2012,P_A,9422
Continental Europe,2012,P_D,44898
Continental Europe,2013,A,1625
Continental Europe,2013,D,24419
Continental Europe,2013,H_A,1922
Continental Europe,2013,H_D,15478
Continental Europe,2013,P_A,9962
Continental Europe,2013,P_D,46948
Continental Europe,2014,A,1702
Continental Europe,2014,D,25143
Continental Europe,2014,H_A,2109
Continental Europe,2014,H_D,15931
Continental Europe,2014,P_A,10507
Continental Europe,2014,P_D,48647
Continental Europe,2015,A,1751
Continental Europe,2015,D,25320
Continental Europe,2015,H_A,2304
Continental Europe,2015,H_D,16684
Continental Europe,2015,P_A,10956
Continental Europe,2015,P_D,49830
Continental Europe,2016,A,1781
Continental Europe,2016,D,25412
Continental Europe,2016,H_A,2471
Continental Europe,2016,H_D,17418
Continental Europe,2016,P_A,11387
Continental Europe,2016,P_D,50631
Continental Europe,2017,A,1633
Continental Europe,2017,D,20657
Continental Europe,2017,H_A,2432
Continental Europe,2017,H_D,15406
Continental Europe,2017,P_A,11666
Continental Europe,2017,P_D,48731
Continental Europe,2018,A,1458
Continental Europe,2018,D,16809
Continental Europe,2018,H_A,2346
Continental Europe,2018,H_D,13320
Continental Europe,2018,P_A,11701
Continental Europe,2018,P_D,46642
Continental Europe,2019,A,1291
Continental Europe,2019,D,13431
Continental Europe,2019,H_A,2133
Continental Europe,2019,H_D,11264
Continental Europe,2019,P_A,11588
Continental Europe,2019,P_D,44034
Continental Europe,2020,A,1238
Continental Europe,2020,D,10387
Continental Europe,2020,H_A,2078
Continental Europe,2020,H_D,9056
Continental Europe,2020,P_A,12316
Continental Europe,2020,P_D,39985
Continental Europe,2021,A,552
Continental Europe,2021,D,9674
Continental Europe,2021,H_A,888
Continental Europe,2021,H_D,9496
Continental Europe,2021,P_A,4790
Continental Europe,2021,P_D,49660
Continental Europe,2022,A,481
Continental Europe,2022,D,8535
Continental Europe,2022,H_A,816
Continental Europe,2022,H_D,8884
Continental Europe,2022,P_A,4975
Continental Europe,2022,P_D,51369
Continental Europe,2023,A,398
Continental Europe,2023,D,7545
Continental Europe,2023,H_A,692
Continental Europe,2023,H_D,8198
Continental Europe,2023,P_A,4967
Continental Europe,2023,P_D,53260
Hindu,2000,A,10
Hindu,2000,D,212
Hindu,2000,H_A,3
Hindu,2000,H_D,47
Hindu,2000,P_A,18
Hindu,2000,P_D,237
Hindu,2001,A,17
Hindu,2001,D,404
Hindu,2001,H_A,7
Hindu,2001,H_D,78
Hindu,2001,P_A,35
Hindu,2001,P_D,450
Hindu,2002,A,34
Hindu,2002,D,696
Hindu,2002,H_A,15
Hindu,2002,H_D,99
Hindu,2002,P_A,83
Hindu,2002,P_D,774
Hindu,2003,A,51
Hindu,2003,D,866
Hindu,2003,H_A,20
Hindu,2003,H_D,149
Hindu,2003,P_A,129
Hindu,2003,P_D,981
Hindu,2004,A,58
Hindu,2004,D,1052
Hindu,2004,H_A,29
Hindu,2004,H_D,187
Hindu,2004,P_A,171
Hindu,2004,P_D,1216
Hindu,2005,A,82
Hindu,2005,D,1255
Hindu,2005,H_A,43
Hindu,2005,H_D,224
Hindu,2005,P_A,242
Hindu,2005,P_D,1457
Hindu,2006,A,120
Hindu,2006,D,1588
Hindu,2006,H_A,65
Hindu,2006,H_D,282
Hindu,2006,P_A,320
Hindu,2006,P_D,1741
Hindu,2007,A,133
Hindu,2007,D,1847
Hindu,2007,H_A,93
Hindu,2007,H_D,369
Hindu,2007,P_A,389
Hindu,2007,P_D,2059
Hindu,2008,A,152
Hindu,2008,D,2198
Hindu,2008,H_A,114
Hindu,2008,H_D,507
Hindu,2008,P_A,457
Hindu,2008,P_D,2384
Hindu,2009,A,166
Hindu,2009,D,2673
Hindu,2009,H_A,137
Hindu,2009,H_D,632
Hindu,2009,P_A,559
Hindu,2009,P_D,2853
Hindu,2010,A,207
Hindu,2010,D,3301
Hindu,2010,H_A,157
Hindu,2010,H_D,852
Hindu,2010,P_A,682
Hindu,2010,P_D,3456
Hindu,2011,A,230
Hindu,2011,D,4124
Hindu,2011,H_A,182
Hindu,2011,H_D,1029
Hindu,2011,P_A,764
Hindu,2011,P_D,4218
Hindu,2012,A,259
Hindu,2012,D,4959
Hindu,2012,H_A,210
Hindu,2012,H_D,1239
Hindu,2012,P_A,902
Hindu,2012,P_D,5335
Hindu,2013,A,332
Hindu,2013,D,5628
Hindu,2013,H_A,258
Hindu,2013,H_D,1497
Hindu,2013,P_A,1034
Hindu,2013,P_D,6240
Hindu,2014,A,356
Hindu,2014,D,6598
Hindu,2014,H_A,288
Hindu,2014,H_D,1748
Hindu,2014,P_A,1173
Hindu,2014,P_D,7438
Hindu,2015,A,409
Hindu,2015,D,7412
Hindu,2015,H_A,334
Hindu,2015,H_D,2148
Hindu,2015,P_A,1313
Hindu,2015,P_D,8621
Hindu,2016,A,418
Hindu,2016,D,8301
Hindu,2016,H_A,401
Hindu,2016,H_D,2671
Hindu,2016,P_A,1463
Hindu,2016,P_D,9866
Hindu,2017,A,424
Hindu,2017,D,6944
Hindu,2017,H_A,427
Hindu,2017,H_D,2466
Hindu,2017,P_A,1603
Hindu,2017,P_D,9747
Hindu,2018,A,402
Hindu,2018,D,5713
Hindu,2018,H_A,481
Hindu,2018,H_D,2188
Hindu,2018,P_A,1732
Hindu,2018,P_D,9702
Hindu,2019,A,378
Hindu,2019,D,4734
Hindu,2019,H_A,502
Hindu,2019,H_D,1892
Hindu,2019,P_A,1837
Hindu,2019,P_D,9458
Hindu,2020,A,380
Hindu,2020,D,3739
Hindu,2020,H_A,528
Hindu,2020,H_D,1524
Hindu,2020,P_A,2094
Hindu,2020,P_D,9069
Hindu,2021,A,168
Hindu,2021,D,3314
Hindu,2021,H_A,314
Hindu,2021,H_D,1607
Hindu,2021,P_A,875
Hindu,2021,P_D,11056
Hindu,2022,A,153
Hindu,2022,D,2847
Hindu,2022,H_A,300
Hindu,2022,H_D,1460
Hindu,2022,P_A,945
Hindu,2022,P_D,11629
Hindu,2023,A,127
Hindu,2023,D,2314
Hindu,2023,H_A,272
Hindu,2023,H_D,1317
Hindu,2023,P_A,938
Hindu,2023,P_D,12366
Islamic,2000,A,21
Islamic,2000,D,286
Islamic,2000,H_A,5
Islamic,2000,H_D,45
Islamic,2000,P_A,19
Islamic,2000,P_D,288
Islamic,2001,A,29
Islamic,2001,D,487
Islamic,2001,H_A,6
Islamic,2001,H_D,86
Islamic,2001,P_A,53
Islamic,2001,P_D,518
Islamic,2002,A,69
Islamic,2002,D,914
Islamic,2002,H_A,16
Islamic,2002,H_D,131
Islamic,2002,P_A,144
Islamic,2002,P_D,968
Islamic,2003,A,101
Islamic,2003,D,1169
Islamic,2003,H_A,35
Islamic,2003,H_D,153
Islamic,2003,P_A,208
Islamic,2003,P_D,1307
Islamic,2004,A,128
Islamic,2004,D,1576
Islamic,2004,H_A,44
Islamic,2004,H_D,214
Islamic,2004,P_A,278
Islamic,2004,P_D,1727
Islamic,2005,A,164
Islamic,2005,D,2007
Islamic,2005,H_A,54
Islamic,2005,H_D,293
Islamic,2005,P_A,355
Islamic,2005,P_D,2227
Islamic,2006,A,218
Islamic,2006,D,2605
Islamic,2006,H_A,59
Islamic,2006,H_D,406
Islamic,2006,P_A,461
Islamic,2006,P_D,2885
Islamic,2007,A,279
Islamic,2007,D,3177
Islamic,2007,H_A,83
Islamic,2007,H_D,562
Islamic,2007,P_A,578
Islamic,2007,P_D,3521
Islamic,2008,A,319
Islamic,2008,D,4023
Islamic,2008,H_A,140
Islamic,2008,H_D,778
Islamic,2008,P_A,713
Islamic,2008,P_D,4369
Islamic,2009,A,396
Islamic,2009,D,4918
Islamic,2009,H_A,181
Islamic,2009,H_D,1076
Islamic,2009,P_A,846
Islamic,2009,P_D,5394
Islamic,2010,A,468
Islamic,2010,D,5962
Islamic,2010,H_A,231
Islamic,2010,H_D,1410
Islamic,2010,P_A,1064
Islamic,2010,P_D,6610
Islamic,2011,A,536
Islamic,2011,D,6975
Islamic,2011,H_A,285
Islamic,2011,H_D,1844
Islamic,2011,P_A,1251
Islamic,2011,P_D,7967
Islamic,2012,A,605
Islamic,2012,D,8294
Islamic,2012,H_A,349
Islamic,2012,H_D,2132
Islamic,2012,P_A,1471
Islamic,2012,P_D,9704
Islamic,2013,A,674
Islamic,2013,D,9664
Islamic,2013,H_A,423
Islamic,2013,H_D,2572
Islamic,2013,P_A,1691
Islamic,2013,P_D,11492
Islamic,2014,A,770
Islamic,2014,D,11190
Islamic,2014,H_A,487
Islamic,2014,H_D,3047
Islamic,2014,P_A,1954
Islamic,2014,P_D,13455
Islamic,2015,A,812
Islamic,2015,D,12822
Islamic,2015,H_A,617
Islamic,2015,H_D,3548
Islamic,2015,P_A,2195
Islamic,2015,P_D,15751
Islamic,2016,A,849
Islamic,2016,D,14151
Islamic,2016,H_A,691
Islamic,2016,H_D,4332
Islamic,2016,P_A,2463
Islamic,2016,P_D,18464
Islamic,2017,A,801
Islamic,2017,D,11729
Islamic,2017,H_A,727
Islamic,2017,H_D,3922
Islamic,2017,P_A,2693
Islamic,2017,P_D,18433
Islamic,2018,A,756
Islamic,2018,D,9530
Islamic,2018,H_A,749
Islamic,2018,H_D,3415
Islamic,2018,P_A,2923
Islamic,2018,P_D,18142
Islamic,2019,A,653
Islamic,2019,D,7617
Islamic,2019,H_A,751
Islamic,2019,H_D,2920
Islamic,2019,P_A,3048
Islamic,2019,P_D,17778
Islamic,2020,A,634
Islamic,2020,D,5849
Islamic,2020,H_A,782
Islamic,2020,H_D,2312
Islamic,2020,P_A,3448
Islamic,2020,P_D,16665
Islamic,2021,A,255
Islamic,2021,D,5175
Islamic,2021,H_A,452
Islamic,2021,H_D,2454
Islamic,2021,P_A,1325
Islamic,2021,P_D,20029
Islamic,2022,A,248
Islamic,2022,D,4340
Islamic,2022,H_A,446
Islamic,2022,H_D,2218
Islamic,2022,P_A,1390
Islamic,2022,P_D,21048
Islamic,2023,A,212
Islamic,2023,D,3652
Islamic,2023,H_A,412
Islamic,2023,H_D,2004
Islamic,2023,P_A,1375
Islamic,2023,P_D,22035
Japanese,2000,A,83
Japanese,2000,D,1373
Japanese,2000,H_A,26
Japanese,2000,H_D,261
Japanese,2000,P_A,87
Japanese,2000,P_D,1111
Japanese,2001,A,140
Japanese,2001,D,2284
Japanese,2001,H_A,56
Japanese,2001,H_D,435
Japanese,2001,P_A,170
Japanese,2001,P_D,1947
Japanese,2002,A,228
Japanese,2002,D,4034
Japanese,2002,H_A,81
Japanese,2002,H_D,710
Japanese,2002,P_A,413
Japanese,2002,P_D,3580
Japanese,2003,A,274
Japanese,2003,D,4628
Japanese,2003,H_A,96
Japanese,2003,H_D,827
Japanese,2003,P_A,555
Japanese,2003,P_D,4207
Japanese,2004,A,299
Japanese,2004,D,4922
Japanese,2004,H_A,126
Japanese,2004,H_D,930
Japanese,2004,P_A,715
Japanese,2004,P_D,4542
Japanese,2005,A,363
Japanese,2005,D,5367
Japanese,2005,H_A,157
Japanese,2005,H_D,1080
Japanese,2005,P_A,882
Japanese,2005,P_D,5147
Japanese,2006,A,400
Japanese,2006,D,5715
Japanese,2006,H_A,185
Japanese,2006,H_D,1195
Japanese,2006,P_A,1101
Japanese,2006,P_D,5427
Japanese,2007,A,441
Japanese,2007,D,6091
Japanese,2007,H_A,220
Japanese,2007,H_D,1326
Japanese,2007,P_A,1246
Japanese,2007,P_D,5719
Japanese,2008,A,462
Japanese,2008,D,6417
Japanese,2008,H_A,263
Japanese,2008,H_D,1470
Japanese,2008,P_A,1371
Japanese,2008,P_D,6024
Japanese,2009,A,469
Japanese,2009,D,6548
Japanese,2009,H_A,268
Japanese,2009,H_D,1551
Japanese,2009,P_A,1496
Japanese,2009,P_D,6279
Japanese,2010,A,480
Japanese,2010,D,6637
Japanese,2010,H_A,283
Japanese,2010,H_D,1593
Japanese,2010,P_A,1613
Japanese,2010,P_D,6508
Japanese,2011,A,485
Japanese,2011,D,6699
Japanese,2011,H_A,304
Japanese,2011,H_D,1686
Japanese,2011,P_A,1704
Japanese,2011,P_D,6674
Japanese,2012,A,492
Japanese,2012,D,6744
Japanese,2012,H_A,318
Japanese,2012,H_D,1722
Japanese,2012,P_A,1765
Japanese,2012,P_D,6926
Japanese,2013,A,499
Japanese,2013,D,6696
Japanese,2013,H_A,329
Japanese,2013,H_D,1737
Japanese,2013,P_A,1827
Japanese,2013,P_D,7119
Japanese,2014,A,518
Japanese,2014,D,6678
Japanese,2014,H_A,334
Japanese,2014,H_D,1707
Japanese,2014,P_A,1909
Japanese,2014,P_D,7214
Japanese,2015,A,519
Japanese,2015,D,6581
Japanese,2015,H_A,334
Japanese,2015,H_D,1697
Japanese,2015,P_A,1969
Japanese,2015,P_D,7288
Japanese,2016,A,502
Japanese,2016,D,6360
Japanese,2016,H_A,341
Japanese,2016,H_D,1791
Japanese,2016,P_A,2017
Japanese,2016,P_D,7310
Japanese,2017,A,471
Japanese,2017,D,5329
Japanese,2017,H_A,351
Japanese,2017,H_D,1588
Japanese,2017,P_A,2011
Japanese,2017,P_D,7092
Japanese,2018,A,416
Japanese,2018,D,4370
Japanese,2018,H_A,332
Japanese,2018,H_D,1391
Japanese,2018,P_A,1989
Japanese,2018,P_D,6745
Japanese,2019,A,350
Japanese,2019,D,3553
Japanese,2019,H_A,314
Japanese,2019,H_D,1183
Japanese,2019,P_A,1915
Japanese,2019,P_D,6458
Japanese,2020,A,317
Japanese,2020,D,2791
Japanese,2020,H_A,314
Japanese,2020,H_D,924
Japanese,2020,P_A,2034
Japanese,2020,P_D,5789
Japanese,2021,A,136
Japanese,2021,D,2630
Japanese,2021,H_A,155
Japanese,2021,H_D,1011
Japanese,2021,P_A,944
Japanese,2021,P_D,7293
Japanese,2022,A,120
Japanese,2022,D,2374
Japanese,2022,H_A,135
Japanese,2022,H_D,952
Japanese,2022,P_A,988
Japanese,2022,P_D,7600
Japanese,2023,A,99
Japanese,2023,D,2128
Japanese,2023,H_A,107
Japanese,2023,H_D,889
Japanese,2023,P_A,945
Japanese,2023,P_D,8001
Other Civilizations,2000,A,57
Other Civilizations,2000,D,952
Other Civilizations,2000,H_A,23
Other Civilizations,2000,H_D,195
Other Civilizations,2000,P_A,94
Other Civilizations,2000,P_D,916
Other Civilizations,2001,A,74
Other Civilizations,2001,D,1514
Other Civilizations,2001,H_A,49
Other Civilizations,2001,H_D,326
Other Civilizations,2001,P_A,187
Other Civilizations,2001,P_D,1680
Other Civilizations,2002,A,133
Other Civilizations,2002,D,2500
Other Civilizations,2002,H_A,78
Other Civilizations,2002,H_D,468
Other Civilizations,2002,P_A,357
Other Civilizations,2002,P_D,2798
Other Civilizations,2003,A,161
Other Civilizations,2003,D,3032
Other Civilizations,2003,H_A,104
Other Civilizations,2003,H_D,581
Other Civilizations,2003,P_A,546
Other Civilizations,2003,P_D,3453
Other Civilizations,2004,A,200
Other Civilizations,2004,D,3589
Other Civilizations,2004,H_A,123
Other Civilizations,2004,H_D,706
Other Civilizations,2004,P_A,726
Other Civilizations,2004,P_D,4177
Other Civilizations,2005,A,224
Other Civilizations,2005,D,4188
Other Civilizations,2005,H_A,145
Other Civilizations,2005,H_D,849
Other Civilizations,2005,P_A,938
Other Civilizations,2005,P_D,4848
Other Civilizations,2006,A,271
Other Civilizations,2006,D,4925
Other Civilizations,2006,H_A,174
Other Civilizations,2006,H_D,1040
Other Civilizations,2006,P_A,1177
Other Civilizations,2006,P_D,5736
Other Civilizations,2007,A,304
Other Civilizations,2007,D,5590
Other Civilizations,2007,H_A,226
Other Civilizations,2007,H_D,1209
Other Civilizations,2007,P_A,1355
Other Civilizations,2007,P_D,6570
Other Civilizations,2008,A,348
Other Civilizations,2008,D,6214
Other Civilizations,2008,H_A,270
Other Civilizations,2008,H_D,1382
Other Civilizations,2008,P_A,1573
Other Civilizations,2008,P_D,7290
Other Civilizations,2009,A,391
Other Civilizations,2009,D,6802
Other Civilizations,2009,H_A,303
Other Civilizations,2009,H_D,1545
Other Civilizations,2009,P_A,1774
Other Civilizations,2009,P_D,8206
Other Civilizations,2010,A,432
Other Civilizations,2010,D,7410
Other Civilizations,2010,H_A,324
Other Civilizations,2010,H_D,1765
Other Civilizations,2010,P_A,1931
Other Civilizations,2010,P_D,9056
Other Civilizations,2011,A,479
Other Civilizations,2011,D,7991
Other Civilizations,2011,H_A,355
Other Civilizations,2011,H_D,1951
Other Civilizations,2011,P_A,2068
Other Civilizations,2011,P_D,9903
Other Civilizations,2012,A,515
Other Civilizations,2012,D,8769
Other Civilizations,2012,H_A,368
Other Civilizations,2012,H_D,2173
Other Civilizations,2012,P_A,2206
Other Civilizations,2012,P_D,10718
Other Civilizations,2013,A,523
Other Civilizations,2013,D,9555
Other Civilizations,2013,H_A,411
Other Civilizations,2013,H_D,2414
Other Civilizations,2013,P_A,2363
Other Civilizations,2013,P_D,11651
Other Civilizations,2014,A,575
Other Civilizations,2014,D,10315
Other Civilizations,2014,H_A,459
Other Civilizations,2014,H_D,2650
Other Civilizations,2014,P_A,2531
Other Civilizations,2014,P_D,12834
Other Civilizations,2015,A,575
Other Civilizations,2015,D,10988
Other Civilizations,2015,H_A,505
Other Civilizations,2015,H_D,3041
Other Civilizations,2015,P_A,2676
Other Civilizations,2015,P_D,13871
Other Civilizations,2016,A,589
Other Civilizations,2016,D,11546
Other Civilizations,2016,H_A,535
Other Civilizations,2016,H_D,3514
Other Civilizations,2016,P_A,2787
Other Civilizations,2016,P_D,14949
Other Civilizations,2017,A,580
Other Civilizations,2017,D,9523
Other Civilizations,2017,H_A,551
Other Civilizations,2017,H_D,3250
Other Civilizations,2017,P_A,2889
Other Civilizations,2017,P_D,14526
Other Civilizations,2018,A,532
Other Civilizations,2018,D,7752
Other Civilizations,2018,H_A,551
Other Civilizations,2018,H_D,2850
Other Civilizations,2018,P_A,2976
Other Civilizations,2018,P_D,13972
Other Civilizations,2019,A,480
Other Civilizations,2019,D,6226
Other Civilizations,2019,H_A,496
Other Civilizations,2019,H_D,2406
Other Civilizations,2019,P_A,3006
Other Civilizations,2019,P_D,13259
Other Civilizations,2020,A,481
Other Civilizations,2020,D,4758
Other Civilizations,2020,H_A,518
Other Civilizations,2020,H_D,1919
Other Civilizations,2020,P_A,3215
Other Civilizations,2020,P_D,12032
Other Civilizations,2021,A,190
Other Civilizations,2021,D,4416
Other Civilizations,2021,H_A,245
Other Civilizations,2021,H_D,2028
Other Civilizations,2021,P_A,1181
Other Civilizations,2021,P_D,14863
Other Civilizations,2022,A,183
Other Civilizations,2022,D,3941
Other Civilizations,2022,H_A,240
Other Civilizations,2022,H_D,1902
Other Civilizations,2022,P_A,1242
Other Civilizations,2022,P_D,15415
Other Civilizations,2023,A,161
Other Civilizations,2023,D,3522
Other Civilizations,2023,H_A,213
Other Civilizations,2023,H_D,1775
Other Civilizations,2023,P_A,1213
Other Civilizations,2023,P_D,16039
Other Western,2000,A,14
Other Western,2000,D,120
Other Western,2000,H_A,15
Other Western,2000,H_D,71
Other Western,2000,P_A,28
Other Western,2000,P_D,198
Other Western,2001,A,25
Other Western,2001,D,183
Other Western,2001,H_A,25
Other Western,2001,H_D,88
Other Western,2001,P_A,65
Other Western,2001,P_D,313
Other Western,2002,A,31
Other Western,2002,D,253
Other Western,2002,H_A,31
Other Western,2002,H_D,152
Other Western,2002,P_A,135
Other Western,2002,P_D,433
Other Western,2003,A,32
Other Western,2003,D,290
Other Western,2003,H_A,34
Other Western,2003,H_D,179
Other Western,2003,P_A,188
Other Western,2003,P_D,480
Other Western,2004,A,34
Other Western,2004,D,328
Other Western,2004,H_A,45
Other Western,2004,H_D,212
Other Western,2004,P_A,241
Other Western,2004,P_D,564
Other Western,2005,A,32
Other Western,2005,D,372
Other Western,2005,H_A,56
Other Western,2005,H_D,230
Other Western,2005,P_A,281
Other Western,2005,P_D,606
Other Western,2006,A,42
Other Western,2006,D,396
Other Western,2006,H_A,59
Other Western,2006,H_D,257
Other Western,2006,P_A,338
Other Western,2006,P_D,648
Other Western,2007,A,40
Other Western,2007,D,409
Other Western,2007,H_A,69
Other Western,2007,H_D,288
Other Western,2007,P_A,383
Other Western,2007,P_D,684
Other Western,2008,A,51
Other Western,2008,D,414
Other Western,2008,H_A,76
Other Western,2008,H_D,309
Other Western,2008,P_A,409
Other Western,2008,P_D,756
Other Western,2009,A,43
Other Western,2009,D,413
Other Western,2009,H_A,87
Other Western,2009,H_D,328
Other Western,2009,P_A,442
Other Western,2009,P_D,791
Other Western,2010,A,44
Other Western,2010,D,456
Other Western,2010,H_A,92
Other Western,2010,H_D,339
Other Western,2010,P_A,478
Other Western,2010,P_D,835
Other Western,2011,A,48
Other Western,2011,D,471
Other Western,2011,H_A,102
Other Western,2011,H_D,358
Other Western,2011,P_A,516
Other Western,2011,P_D,882
Other Western,2012,A,49
Other Western,2012,D,494
Other Western,2012,H_A,104
Other Western,2012,H_D,388
Other Western,2012,P_A,539
Other Western,2012,P_D,921
Other Western,2013,A,50
Other Western,2013,D,522
Other Western,2013,H_A,116
Other Western,2013,H_D,399
Other Western,2013,P_A,560
Other Western,2013,P_D,937
Other Western,2014,A,56
Other Western,2014,D,544
Other Western,2014,H_A,123
Other Western,2014,H_D,423
Other Western,2014,P_A,589
Other Western,2014,P_D,966
Other Western,2015,A,58
Other Western,2015,D,549
Other Western,2015,H_A,139
Other Western,2015,H_D,446
Other Western,2015,P_A,594
Other Western,2015,P_D,977
Other Western,2016,A,55
Other Western,2016,D,554
Other Western,2016,H_A,140
Other Western,2016,H_D,453
Other Western,2016,P_A,593
Other Western,2016,P_D,999
Other Western,2017,A,46
Other Western,2017,D,454
Other Western,2017,H_A,134
Other Western,2017,H_D,401
Other Western,2017,P_A,623
Other Western,2017,P_D,905
Other Western,2018,A,41
Other Western,2018,D,360
Other Western,2018,H_A,123
Other Western,2018,H_D,348
Other Western,2018,P_A,629
Other Western,2018,P_D,870
Other Western,2019,A,31
Other Western,2019,D,276
Other Western,2019,H_A,123
Other Western,2019,H_D,282
Other Western,2019,P_A,632
Other Western,2019,P_D,829
Other Western,2020,A,31
Other Western,2020,D,213
Other Western,2020,H_A,116
Other Western,2020,H_D,215
Other Western,2020,P_A,666
Other Western,2020,P_D,734
Other Western,2021,A,17
Other Western,2021,D,195
Other Western,2021,H_A,51
Other Western,2021,H_D,244
Other Western,2021,P_A,353
Other Western,2021,P_D,1115
Other Western,2022,A,16
Other Western,2022,D,183
Other Western,2022,H_A,39
Other Western,2022,H_D,222
Other Western,2022,P_A,366
Other Western,2022,P_D,1149
Other Western,2023,A,15
Other Western,2023,D,163
Other Western,2023,H_A,32
Other Western,2023,H_D,209
Other Western,2023,P_A,241
Other Western,2023,P_D,1315
Sinic,2000,A,67
Sinic,2000,D,1488
Sinic,2000,H_A,25
Sinic,2000,H_D,398
Sinic,2000,P_A,98
Sinic,2000,P_D,2021
Sinic,2001,A,109
Sinic,2001,D,2626
Sinic,2001,H_A,47
Sinic,2001,H_D,660
Sinic,2001,P_A,250
Sinic,2001,P_D,4144
Sinic,2002,A,200
Sinic,2002,D,5771
Sinic,2002,H_A,114
Sinic,2002,H_D,921
Sinic,2002,P_A,677
Sinic,2002,P_D,8103
Sinic,2003,A,277
Sinic,2003,D,7410
Sinic,2003,H_A,165
Sinic,2003,H_D,1298
Sinic,2003,P_A,1063
Sinic,2003,P_D,11723
Sinic,2004,A,351
Sinic,2004,D,9655
Sinic,2004,H_A,234
Sinic,2004,H_D,1770
Sinic,2004,P_A,1480
Sinic,2004,P_D,17410
Sinic,2005,A,447
Sinic,2005,D,12572
Sinic,2005,H_A,274
Sinic,2005,H_D,2323
Sinic,2005,P_A,2126
Sinic,2005,P_D,24891
Sinic,2006,A,552
Sinic,2006,D,15675
Sinic,2006,H_A,333
Sinic,2006,H_D,2847
Sinic,2006,P_A,2938
Sinic,2006,P_D,33124
Sinic,2007,A,666
Sinic,2007,D,17904
Sinic,2007,H_A,453
Sinic,2007,H_D,3536
Sinic,2007,P_A,3719
Sinic,2007,P_D,41315
Sinic,2008,A,784
Sinic,2008,D,20836
Sinic,2008,H_A,585
Sinic,2008,H_D,4386
Sinic,2008,P_A,4630
Sinic,2008,P_D,49260
Sinic,2009,A,843
Sinic,2009,D,23921
Sinic,2009,H_A,689
Sinic,2009,H_D,5034
Sinic,2009,P_A,5459
Sinic,2009,P_D,56362
Sinic,2010,A,898
Sinic,2010,D,26868
Sinic,2010,H_A,814
Sinic,2010,H_D,5703
Sinic,2010,P_A,6345
Sinic,2010,P_D,62399
Sinic,2011,A,980
Sinic,2011,D,28538
Sinic,2011,H_A,912
Sinic,2011,H_D,6366
Sinic,2011,P_A,7103
Sinic,2011,P_D,65755
Sinic,2012,A,1059
Sinic,2012,D,30348
Sinic,2012,H_A,1040
Sinic,2012,H_D,7026
Sinic,2012,P_A,7794
Sinic,2012,P_D,67215
Sinic,2013,A,1155
Sinic,2013,D,31813
Sinic,2013,H_A,1220
Sinic,2013,H_D,8059
Sinic,2013,P_A,8413
Sinic,2013,P_D,68222
Sinic,2014,A,1278
Sinic,2014,D,33296
Sinic,2014,H_A,1383
Sinic,2014,H_D,9096
Sinic,2014,P_A,9118
Sinic,2014,P_D,68901
Sinic,2015,A,1320
Sinic,2015,D,34036
Sinic,2015,H_A,1569
Sinic,2015,H_D,10378
Sinic,2015,P_A,9603
Sinic,2015,P_D,68728
Sinic,2016,A,1388
Sinic,2016,D,34896
Sinic,2016,H_A,1843
Sinic,2016,H_D,12220
Sinic,2016,P_A,10039
Sinic,2016,P_D,68914
Sinic,2017,A,1339
Sinic,2017,D,30722
Sinic,2017,H_A,2009
Sinic,2017,H_D,11393
Sinic,2017,P_A,10455
Sinic,2017,P_D,67394
Sinic,2018,A,1286
Sinic,2018,D,26783
Sinic,2018,H_A,2117
Sinic,2018,H_D,10406
Sinic,2018,P_A,10774
Sinic,2018,P_D,65968
Sinic,2019,A,1182
Sinic,2019,D,22852
Sinic,2019,H_A,2126
Sinic,2019,H_D,9340
Sinic,2019,P_A,10967
Sinic,2019,P_D,64389
Sinic,2020,A,1113
Sinic,2020,D,18882
Sinic,2020,H_A,2191
Sinic,2020,H_D,8037
Sinic,2020,P_A,11640
Sinic,2020,P_D,61003
Sinic,2021,A,326
Sinic,2021,D,17410
Sinic,2021,H_A,828
Sinic,2021,H_D,8879
Sinic,2021,P_A,2683
Sinic,2021,P_D,72740
Sinic,2022,A,298
Sinic,2022,D,15321
Sinic,2022,H_A,787
Sinic,2022,H_D,8242
Sinic,2022,P_A,2794
Sinic,2022,P_D,75424
Sinic,2023,A,260
Sinic,2023,D,13266
Sinic,2023,H_A,704
Sinic,2023,H_D,7647
Sinic,2023,P_A,2766
Sinic,2023,P_D,78223
United States,2000,A,100
United States,2000,D,3195
United States,2000,H_A,129
United States,2000,H_D,2210
United States,2000,P_A,335
United States,2000,P_D,5387
United States,2001,A,137
United States,2001,D,4926
United States,2001,H_A,195
United States,2001,H_D,3596
United States,2001,P_A,722
United States,2001,P_D,9240
United States,2002,A,247
United States,2002,D,8900
United States,2002,H_A,301
United States,2002,H_D,5033
United States,2002,P_A,1648
United States,2002,P_D,16266
United States,2003,A,305
United States,2003,D,10250
United States,2003,H_A,405
United States,2003,H_D,5944
United States,2003,P_A,2328
United States,2003,P_D,19216
United States,2004,A,367
United States,2004,D,11301
United States,2004,H_A,515
United States,2004,H_D,6820
United States,2004,P_A,3095
United States,2004,P_D,21164
United States,2005,A,467
United States,2005,D,12363
United States,2005,H_A,677
United States,2005,H_D,7678
United States,2005,P_A,4096
United States,2005,P_D,24051
United States,2006,A,559
United States,2006,D,13206
United States,2006,H_A,797
United States,2006,H_D,8279
United States,2006,P_A,5080
United States,2006,P_D,25879
United States,2007,A,600
United States,2007,D,13710
United States,2007,H_A,897
United States,2007,H_D,8984
United States,2007,P_A,6010
United States,2007,P_D,27541
United States,2008,A,629
United States,2008,D,13975
United States,2008,H_A,1012
United States,2008,H_D,9674
United States,2008,P_A,6917
United States,2008,P_D,29011
United States,2009,A,681
United States,2009,D,14559
United States,2009,H_A,1079
United States,2009,H_D,10191
United States,2009,P_A,7618
United States,2009,P_D,30409
United States,2010,A,735
United States,2010,D,15064
United States,2010,H_A,1202
United States,2010,H_D,10587
United States,2010,P_A,8233
United States,2010,P_D,31781
United States,2011,A,739
United States,2011,D,15607
United States,2011,H_A,1303
United States,2011,H_D,11010
United States,2011,P_A,8763
United States,2011,P_D,33036
United States,2012,A,782
United States,2012,D,15934
United States,2012,H_A,1356
United States,2012,H_D,11459
United States,2012,P_A,9290
United States,2012,P_D,33757
United States,2013,A,830
United States,2013,D,16182
United States,2013,H_A,1432
United States,2013,H_D,12030
United States,2013,P_A,9684
United States,2013,P_D,34628
United States,2014,A,881
United States,2014,D,16851
United States,2014,H_A,1555
United States,2014,H_D,12596
United States,2014,P_A,10020
United States,2014,P_D,35210
United States,2015,A,925
United States,2015,D,17421
United States,2015,H_A,1647
United States,2015,H_D,13168
United States,2015,P_A,10301
United States,2015,P_D,35798
United States,2016,A,946
United States,2016,D,17653
United States,2016,H_A,1833
United States,2016,H_D,14263
United States,2016,P_A,10503
United States,2016,P_D,36096
United States,2017,A,896
United States,2017,D,14575
United States,2017,H_A,1895
United States,2017,H_D,12721
United States,2017,P_A,10706
United States,2017,P_D,34836
United States,2018,A,822
United States,2018,D,11922
United States,2018,H_A,1863
United States,2018,H_D,11150
United States,2018,P_A,10791
United States,2018,P_D,33534
United States,2019,A,760
United States,2019,D,9583
United States,2019,H_A,1752
United States,2019,H_D,9209
United States,2019,P_A,10768
United States,2019,P_D,31823
United States,2020,A,778
United States,2020,D,7404
United States,2020,H_A,1779
United States,2020,H_D,7285
United States,2020,P_A,11431
United States,2020,P_D,28825
United States,2021,A,468
United States,2021,D,6648
United States,2021,H_A,936
United States,2021,H_D,7405
United States,2021,P_A,6769
United States,2021,P_D,35276
United States,2022,A,407
United States,2022,D,5881
United States,2022,H_A,872
United States,2022,H_D,6874
United States,2022,P_A,6982
United States,2022,P_D,36486
United States,2023,A,354
United States,2023,D,5173
United States,2023,H_A,746
United States,2023,H_D,6371
United States,2023,P_A,7088
United States,2023,P_D,37770
