accession,country
GSE175503,USA
GSE55574,USA
GSE245330,Belgium
GSE241437,United Kingdom
GSE63028,Italy
GSE156709,China
GSE203245,USA
GSE229546,Sweden
GSE214626,Japan
GSE216204,Japan
GSE210759,Germany
GSE145348,Germany
GSE155749,Belgium
GSE229558,USA
GSE306127,USA
GSE216991,USA
GSE248238,Japan
GSE47948,USA
GSE132605,Germany
GSE278192,China
GSE277236,USA
GSE223576,United Kingdom
GSE111397,China
GSE264211,USA
GSE89795,United Kingdom
GSE178601,USA
GSE70735,Russia
GSE192665,USA
GSE248240,Japan
GSE56138,USA
GSE194010,USA
GSE274249,United Arab Emirates
GSE184136,Italy
GSE48364,Spain
GSE207730,Italy
GSE86817,China
GSE239550,China
GSE144159,USA
GSE279710,Australia
GSE182676,Belgium
GSE177689,Austria
GSE131499,France
GSE87576,Japan
GSE289297,United Kingdom
GSE293056,USA
GSE247427,Germany
GSE69080,United Kingdom
GSE180492,USA
GSE154097,China
GSE93507,USA
GSE245954,Germany
GSE293252,USA
GSE89044,Australia
GSE229058,USA
GSE43805,USA
GSE114219,USA
GSE115011,USA
GSE260653,Russia
GSE178162,USA
GSE92642,Canada
GSE264742,USA
GSE125509,Canada
GSE38477,United Kingdom
GSE165890,USA
GSE202364,France
GSE144631,Italy
GSE243443,USA
GSE303032,USA
GSE198235,USA
GSE157136,USA
GSE175935,Japan
GSE263326,Netherlands
GSE223077,USA
GSE214380,United Kingdom
GSE178242,USA
GSE97988,USA
GSE108459,USA
GSE41565,USA
GSE75701,USA
GSE241377,USA
GSE42956,Australia
GSE219153,Austria
GSE261129,Germany
GSE297613,Denmark
GSE109683,USA
GSE229366,Australia
GSE108012,USA
GSE243881,China
GSE24029,Germany
GSE298819,Brazil
GSE162772,United Kingdom
GSE53233,USA
GSE272192,USA
GSE3749,Canada
GSE77362,China
GSE131805,Japan
GSE125140,USA
GSE184467,Switzerland
GSE139832,Singapore
GSE310759,China
GSE165339,China
GSE114389,Japan
GSE114640,Sweden
GSE42807,Germany
GSE19964,Taiwan
GSE276210,USA
GSE287425,USA
GSE283484,USA
GSE284047,USA
GSE249253,USA
GSE89973,Japan
GSE86982,USA
GSE218668,Israel
GSE159971,USA
GSE114678,Israel
GSE285126,USA
GSE138398,South Korea
GSE226042,USA
GSE65173,Spain
GSE61674,Germany
GSE241378,USA
GSE212948,USA
GSE121400,France
GSE168412,Italy
GSE180521,USA
GSE66657,Japan
GSE274429,China
GSE84504,Israel
GSE7141,Switzerland
GSE144577,China
GSE299921,Czech Republic
GSE225050,China
GSE61874,Germany
GSE47178,Netherlands
GSE219406,USA
GSE310216,Germany
GSE138695,Finland
GSE254946,Netherlands
GSE287376,USA
GSE288399,United Kingdom
GSE203569,United Kingdom
GSE164464,Denmark
GSE140012,Canada
GSE196684,United Kingdom
GSE217907,Netherlands
GSE227546,USA
GSE79928,China
GSE16256,USA
GSE61265,Italy
GSE273100,Italy
GSE227096,USA
GSE263980,Japan
GSE217423,USA
GSE264120,USA
GSE38650,Japan
GSE132964,Belgium
GSE20027,USA
GSE143457,United Kingdom
GSE315774,USA
GSE113016,Macau
GSE122696,USA
GSE197865,United Kingdom
GSE276588,Canada
GSE191249,Finland
GSE199265,USA
GSE254962,USA
GSE253490,USA
GSE154453,China
GSE162580,USA
GSE181241,Sweden
GSE273068,Germany
GSE288852,Netherlands
GSE137805,USA
GSE236202,Sweden
GSE48436,USA
GSE39821,USA
GSE137667,United Kingdom
GSE104232,USA
GSE160236,China
GSE146450,USA
GSE289158,United Kingdom
GSE24208,South Korea
GSE210680,USA
GSE126035,Singapore
GSE310722,USA
GSE242826,United Kingdom
GSE247450,USA
GSE167278,South Korea
GSE273767,Spain
GSE240770,USA
GSE319077,USA
GSE233349,USA
GSE245722,USA
GSE24768,Spain
GSE285003,United Kingdom
GSE198391,USA
GSE143969,Taiwan
GSE279958,Australia
GSE152471,Japan
GSE132401,USA
GSE207525,USA
GSE9448,USA
GSE273772,USA
GSE288407,Australia
GSE141835,USA
GSE188501,China
GSE276726,China
GSE178683,Italy
GSE26629,USA
GSE11795,Canada
GSE284798,USA
GSE133687,United Kingdom
GSE109089,USA
GSE249092,USA
GSE215326,China
GSE89878,United Kingdom
GSE173459,China
GSE99924,United Kingdom
GSE286087,United Kingdom
GSE180793,USA
GSE314132,USA
GSE112714,China
GSE83443,USA
GSE15206,USA
GSE16681,USA
GSE181233,USA
GSE30882,USA
GSE227223,USA
GSE306666,Spain
GSE327332,United Kingdom
GSE93301,Netherlands
GSE233332,Germany
GSE150638,USA
GSE236323,USA
GSE108021,Argentina
GSE193738,USA
GSE240334,France
GSE240475,Netherlands
GSE130058,China
GSE216702,USA
GSE266032,France
GSE208574,USA
GSE186374,China
GSE37275,Netherlands
GSE245771,Japan
GSE123136,Canada
GSE99991,USA
GSE162877,USA
GSE288287,United Kingdom
GSE171137,USA
GSE162579,USA
GSE34243,Germany
GSE243851,USA
GSE177048,Belgium
GSE73467,Singapore
GSE267366,USA
GSE84905,USA
GSE137162,Australia
GSE20046,USA
GSE174232,Australia
GSE229726,USA
GSE119316,United Kingdom
GSE301544,USA
GSE243065,China
GSE329243,China
GSE296443,Belgium
GSE272117,USA
GSE97142,Netherlands
GSE75172,USA
GSE291908,China
GSE279846,China
GSE165103,Belgium
GSE18813,Japan
GSE18927,USA
GSE263987,United Kingdom
GSE203370,USA
GSE84050,Austria
GSE127915,USA
GSE13834,USA
GSE131802,Japan
GSE94051,United Kingdom
GSE244818,USA
GSE11350,Germany
GSE185688,Germany
GSE222442,USA
GSE169549,United Kingdom
GSE7865,USA
GSE74210,USA
GSE106176,USA
GSE45343,Spain
GSE234769,USA
GSE30630,Singapore
GSE231466,South Korea
GSE251756,Australia
GSE274620,USA
GSE96593,Austria
GSE138964,USA
GSE272060,USA
GSE220634,USA
GSE135834,USA
GSE115968,USA
GSE31970,Germany
GSE296710,Belgium
GSE142316,USA
GSE104969,Germany
GSE124616,USA
GSE333466,USA
GSE128140,China
GSE135841,United Kingdom
GSE76375,Greece
GSE151744,China
GSE109111,India
GSE100679,Ireland
GSE136858,USA
GSE310909,USA
GSE272171,USA
GSE305587,Germany
GSE284733,South Korea
GSE195667,USA
GSE95390,USA
GSE142315,USA
GSE239403,Belgium
GSE85330,USA
GSE32503,Taiwan
GSE270946,USA
GSE165867,Japan
GSE111978,USA
GSE99583,Australia
GSE210376,USA
GSE150588,USA
GSE139817,USA
GSE243254,Portugal
GSE25538,USA
GSE184694,USA
GSE19409,USA
GSE31791,Spain
GSE71943,USA
GSE236034,Spain
GSE293247,USA
GSE124365,China
GSE271447,USA
GSE288932,Norway
GSE236375,South Korea
GSE71664,USA
GSE106688,USA
GSE159867,United Kingdom
GSE118313,USA
GSE276214,Germany
GSE129986,China
GSE167258,China
GSE212512,China
GSE137129,Netherlands
GSE255268,India
GSE40909,USA
GSE226170,Poland
GSE207255,Switzerland
GSE328274,China
GSE237527,China
GSE280602,USA
GSE118315,Germany
GSE73629,Japan
GSE73446,USA
GSE35561,USA
GSE159159,Japan
GSE42453,USA
GSE18840,USA
GSE242523,USA
GSE168291,United Kingdom
GSE172319,France
GSE114549,USA
GSE124966,USA
GSE157910,USA
GSE153282,Germany
GSE151878,USA
GSE305256,Thailand
GSE147122,Germany
GSE154482,China
GSE58363,USA
GSE65836,USA
GSE171849,Japan
GSE166641,USA
GSE269904,Australia
GSE287034,Japan
GSE262700,Japan
GSE40444,USA
GSE19090,USA
GSE193148,USA
GSE99651,Israel
GSE288317,United Kingdom
GSE221664,Germany
GSE311389,Italy
GSE273072,Germany
GSE283697,China
GSE222904,USA
GSE87793,Iran
GSE152264,Japan
GSE154688,Japan
GSE142143,USA
GSE60285,USA
GSE185683,USA
GSE217826,Singapore
GSE19834,USA
GSE121999,USA
GSE179858,Australia
GSE303919,United Kingdom
GSE139161,USA
GSE188561,USA
GSE165725,China
GSE40007,USA
GSE174464,Germany
GSE77129,USA
GSE156712,China
GSE263174,USA
GSE152098,USA
GSE189235,USA
GSE95060,Germany
GSE8881,United Kingdom
GSE325168,Hong Kong
GSE85223,USA
GSE144634,Italy
GSE225009,South Korea
GSE168261,USA
GSE118052,Denmark
GSE112078,United Kingdom
GSE189782,Netherlands
GSE219721,USA
GSE272037,Spain
GSE111163,Netherlands
GSE134193,Taiwan
GSE239369,USA
GSE3527,South Korea
GSE295608,USA
GSE156284,Canada
GSE184600,USA
GSE251814,USA
GSE35793,USA
GSE291608,Canada
GSE221032,USA
GSE116173,USA
GSE277070,United Kingdom
GSE147694,Netherlands
GSE130073,Japan
GSE194431,China
GSE270293,New Zealand
GSE76098,China
GSE99652,Israel
GSE163963,China
GSE58960,China
GSE215328,China
GSE58408,USA
GSE133694,Japan
GSE185690,Germany
GSE271445,USA
GSE144579,China
GSE162996,USA
GSE116154,USA
GSE85234,China
GSE42154,USA
GSE85417,USA
GSE288728,China
GSE97884,United Kingdom
GSE239488,USA
GSE126150,USA
GSE234598,China
GSE97390,USA
GSE173460,China
GSE67582,Singapore
GSE165961,USA
GSE122239,United Kingdom
GSE48996,USA
GSE205665,Denmark
GSE89417,USA
GSE184080,USA
GSE306763,USA
GSE140466,China
GSE98753,United Kingdom
GSE89738,Japan
GSE74207,USA
GSE214463,France
GSE295126,USA
GSE168451,Japan
GSE282905,Japan
GSE38164,Singapore
GSE240792,Japan
GSE113817,China
GSE296398,Germany
GSE162649,USA
GSE168722,USA
GSE34912,USA
GSE114285,Taiwan
GSE76692,USA
GSE20045,USA
GSE231813,Japan
GSE153075,USA
GSE111230,Germany
GSE181744,Germany
GSE263372,USA
GSE51791,France
GSE47061,Germany
GSE30792,United Kingdom
GSE129104,USA
GSE147315,USA
GSE289836,USA
GSE41304,USA
GSE62721,Israel
GSE90813,Japan
GSE196139,Spain
GSE118088,Germany
GSE115907,USA
GSE101498,USA
GSE87066,USA
GSE242687,China
GSE157303,Germany
GSE26861,USA
GSE126358,Germany
GSE210969,Germany
GSE165590,Italy
GSE137163,Australia
GSE241688,Germany
GSE153633,USA
GSE253190,Germany
GSE279593,Germany
GSE173458,China
GSE273125,Italy
GSE64582,United Kingdom
GSE128102,USA
GSE188264,USA
GSE304363,USA
GSE77250,USA
GSE15779,USA
GSE53387,Netherlands
GSE158533,USA
GSE140405,USA
GSE255992,USA
GSE197319,USA
GSE253337,Canada
GSE279237,United Kingdom
GSE129653,USA
GSE313379,USA
GSE81925,South Korea
GSE263736,Russia
GSE197373,Japan
GSE244981,Japan
GSE288841,China
GSE48172,USA
GSE232076,Japan
GSE109686,USA
GSE186293,Hong Kong
GSE134454,Belgium
GSE93721,United Kingdom
GSE248497,Netherlands
GSE166769,Sweden
GSE71457,Israel
GSE149377,Switzerland
GSE40063,USA
GSE81130,Spain
GSE252237,USA
GSE71289,USA
GSE98525,Germany
GSE128499,USA
GSE93218,China
GSE233117,South Korea
GSE239637,USA
GSE90940,USA
GSE153884,USA
GSE103826,USA
GSE49305,Germany
GSE278224,United Kingdom
GSE143606,China
GSE58813,Germany
GSE287853,USA
GSE103615,Germany
GSE219151,Austria
GSE227975,USA
GSE205224,Canada
GSE324919,USA
GSE101770,USA
GSE188827,Norway
GSE213645,USA
GSE64540,USA
GSE212671,USA
GSE200686,USA
GSE221992,China
GSE48092,United Kingdom
GSE32080,Japan
GSE159071,USA
GSE138979,USA
GSE115436,USA
GSE163556,Poland
GSE185038,China
GSE102732,USA
GSE218101,Netherlands
GSE233636,USA
GSE153071,USA
GSE142375,USA
GSE77692,Denmark
GSE115871,USA
GSE178136,China
GSE159332,USA
GSE56834,USA
