group,lever,direction,lever_change_pct,margin_gain,normalised_margin_gain_per_10pct
Anglosphere ex-US,d,decrease,-9.999999999999998,34.30056412657653,34.30056412657654
Anglosphere ex-US,d,decrease,-5.000000000000004,16.240758549831057,32.481517099662085
Anglosphere ex-US,beta,increase,5.000000000000004,1.3313881583369778,2.6627763166739533
Anglosphere ex-US,beta,increase,10.000000000000009,2.5621035761307667,2.5621035761307644
Anglosphere ex-US,beta,increase,19.999999999999996,4.76377675577092,2.3818883778854603
Anglosphere ex-US,alpha,decrease,-9.999999999999998,1.6376780477285138,1.6376780477285142
Anglosphere ex-US,alpha,decrease,-5.000000000000004,0.795707463084625,1.5914149261692487
Anglosphere ex-US,h_D,increase,5.000000000000004,0.7603684874346754,1.5207369748693496
Anglosphere ex-US,h_D,increase,10.000000000000009,1.4914530653754525,1.4914530653754512
Anglosphere ex-US,h_D,increase,19.999999999999996,2.8722881968114677,1.436144098405734
Anglosphere ex-US,h_A,increase,5.000000000000004,0.15445826072851787,0.30891652145703546
Anglosphere ex-US,h_A,increase,10.000000000000009,0.29616686083937793,0.29616686083937765
Anglosphere ex-US,h_A,increase,19.999999999999996,0.5471682759832106,0.27358413799160536
Anglosphere ex-US,p_D,increase,5.000000000000004,0.10429679455663177,0.20859358911326334
Anglosphere ex-US,p_D,increase,10.000000000000009,0.19951102669597276,0.1995110266959726
Anglosphere ex-US,p_D,increase,19.999999999999996,0.3670572886434229,0.18352864432171148
Anglosphere ex-US,p_A,increase,5.000000000000004,0.018401514889120563,0.03680302977824109
Anglosphere ex-US,p_A,increase,10.000000000000009,0.035489638016571234,0.0354896380165712
Anglosphere ex-US,p_A,increase,19.999999999999996,0.06625069966679575,0.033125349833397884
Anglosphere ex-US,p_A,decrease,-5.000000000000004,-0.01987237399237074,-0.039744747984741445
Anglosphere ex-US,p_A,decrease,-9.999999999999998,-0.041399299111418486,-0.04139929911141849
Anglosphere ex-US,p_D,decrease,-5.000000000000004,-0.11474404051418219,-0.22948808102836418
Anglosphere ex-US,p_D,decrease,-9.999999999999998,-0.24158781339392021,-0.24158781339392027
Anglosphere ex-US,h_A,decrease,-5.000000000000004,-0.1690097033940674,-0.3380194067881345
Anglosphere ex-US,h_A,decrease,-9.999999999999998,-0.35472893834875663,-0.3547289383487567
Anglosphere ex-US,alpha,increase,19.999999999999996,-2.788905189062831,-1.3944525945314157
Anglosphere ex-US,alpha,increase,10.000000000000009,-1.4670825278284951,-1.4670825278284938
Anglosphere ex-US,alpha,increase,5.000000000000004,-0.753155214431473,-1.5063104288629448
Anglosphere ex-US,h_D,decrease,-5.000000000000004,-0.791448437170942,-1.5828968743418828
Anglosphere ex-US,h_D,decrease,-9.999999999999998,-1.6159228776164127,-1.6159228776164132
Anglosphere ex-US,beta,decrease,-5.000000000000004,-1.4448607517413166,-2.8897215034826305
Anglosphere ex-US,beta,decrease,-9.999999999999998,-3.0182554442951073,-3.018255444295108
Anglosphere ex-US,d,increase,19.999999999999996,-51.34548168658327,-25.672740843291642
Anglosphere ex-US,d,increase,10.000000000000009,-28.02218446449919,-28.022184464499166
Anglosphere ex-US,d,increase,5.000000000000004,-14.683053206349854,-29.366106412699683
Continental Europe,d,decrease,-9.999999999999998,55.646447492801116,55.64644749280113
Continental Europe,d,decrease,-5.000000000000004,26.368390293236047,52.736780586472044
Continental Europe,beta,increase,5.000000000000004,1.5054276921406142,3.010855384281226
Continental Europe,h_D,increase,5.000000000000004,1.4835685189727599,2.967137037945517
Continental Europe,alpha,decrease,-9.999999999999998,2.9076989562458664,2.907698956245867
Continental Europe,beta,increase,10.000000000000009,2.9018410943582182,2.9018410943582156
Continental Europe,h_D,increase,10.000000000000009,2.87916965440931,2.8791696544093073
Continental Europe,alpha,decrease,-5.000000000000004,1.4309278545734685,2.8618557091469343
Continental Europe,h_D,increase,19.999999999999996,5.436061017108926,2.7180305085544636
Continental Europe,beta,increase,19.999999999999996,5.411661243761472,2.7058306218807364
Continental Europe,p_D,increase,5.000000000000004,0.31789008990583056,0.6357801798116606
Continental Europe,p_D,increase,10.000000000000009,0.6075534981688122,0.6075534981688117
Continental Europe,p_D,increase,19.999999999999996,1.1160119669013682,0.5580059834506842
Continental Europe,h_A,increase,5.000000000000004,0.16968005015607446,0.33936010031214864
Continental Europe,h_A,increase,10.000000000000009,0.3270117056292463,0.32701170562924603
Continental Europe,h_A,increase,19.999999999999996,0.609656275207584,0.30482813760379207
Continental Europe,p_A,increase,5.000000000000004,0.021986146578399257,0.04397229315679847
Continental Europe,p_A,increase,10.000000000000009,0.04242346803971486,0.04242346803971483
Continental Europe,p_A,increase,19.999999999999996,0.07926320404010312,0.039631602020051566
Continental Europe,p_A,decrease,-5.000000000000004,-0.02371797245137941,-0.04743594490275878
Continental Europe,p_A,decrease,-9.999999999999998,-0.049380785407890926,-0.04938078540789094
Continental Europe,h_A,decrease,-5.000000000000004,-0.18354173411546526,-0.3670834682309302
Continental Europe,h_A,decrease,-9.999999999999998,-0.38271624681817684,-0.38271624681817695
Continental Europe,p_D,decrease,-5.000000000000004,-0.35045400390714576,-0.7009080078142909
Continental Europe,p_D,decrease,-9.999999999999998,-0.7387456868706295,-0.7387456868706296
Continental Europe,alpha,increase,19.999999999999996,-5.305443028767513,-2.652721514383757
Continental Europe,alpha,increase,10.000000000000009,-2.732600242441208,-2.732600242441206
Continental Europe,alpha,increase,5.000000000000004,-1.3871847466277245,-2.7743694932554464
Continental Europe,h_D,decrease,-5.000000000000004,-1.58014258219265,-3.1602851643852974
Continental Europe,beta,decrease,-5.000000000000004,-1.6276730536226296,-3.255346107245256
Continental Europe,h_D,decrease,-9.999999999999998,-3.2666295909563132,-3.266629590956314
Continental Europe,beta,decrease,-9.999999999999998,-3.3930484607964218,-3.3930484607964226
Continental Europe,d,increase,19.999999999999996,-83.69775428829075,-41.84887714414538
Continental Europe,d,increase,10.000000000000009,-45.605229012151085,-45.60522901215104
Continental Europe,d,increase,5.000000000000004,-23.87712595701055,-47.754251914021054
Hindu,d,decrease,-9.999999999999998,70.79022308408184,70.79022308408186
Hindu,d,decrease,-5.000000000000004,33.538912828889465,67.07782565777887
Hindu,h_D,increase,5.000000000000004,0.485593017971496,0.9711860359429911
Hindu,h_D,increase,10.000000000000009,0.9354112636847276,0.9354112636847268
Hindu,alpha,decrease,-9.999999999999998,0.8950667310193694,0.8950667310193696
Hindu,alpha,decrease,-5.000000000000004,0.4439654102894792,0.8879308205789577
Hindu,beta,increase,5.000000000000004,0.44395321617400896,0.8879064323480171
Hindu,h_D,increase,19.999999999999996,1.7424596374843304,0.8712298187421654
Hindu,beta,increase,10.000000000000009,0.8505793305720317,0.850579330572031
Hindu,beta,increase,19.999999999999996,1.5694277358826412,0.7847138679413208
Hindu,p_D,increase,5.000000000000004,0.08177155951875648,0.1635431190375128
Hindu,p_D,increase,10.000000000000009,0.1561283663523909,0.15612836635239077
Hindu,p_D,increase,19.999999999999996,0.2862964451918515,0.14314822259592577
Hindu,h_A,increase,5.000000000000004,0.04250821997914045,0.08501643995828083
Hindu,h_A,increase,10.000000000000009,0.08258836083928145,0.08258836083928138
Hindu,h_A,increase,19.999999999999996,0.1562516299300114,0.07812581496500572
Hindu,p_A,increase,5.000000000000004,0.003132704085487603,0.006265408170975201
Hindu,p_A,increase,10.000000000000009,0.0061661028395292306,0.006166102839529225
Hindu,p_A,increase,19.999999999999996,0.011953342491210606,0.0059766712456053046
Hindu,p_A,decrease,-5.000000000000004,-0.003236960620370155,-0.006473921240740304
Hindu,p_A,decrease,-9.999999999999998,-0.006583457282317795,-0.006583457282317797
Hindu,h_A,decrease,-5.000000000000004,-0.04516382434201205,-0.09032764868402401
Hindu,h_A,decrease,-9.999999999999998,-0.09324012356751155,-0.09324012356751156
Hindu,p_D,decrease,-5.000000000000004,-0.09035355903040454,-0.1807071180608089
Hindu,p_D,decrease,-9.999999999999998,-0.1907150186036688,-0.19071501860366885
Hindu,alpha,increase,19.999999999999996,-1.7077851814407268,-0.8538925907203636
Hindu,alpha,increase,10.000000000000009,-0.8671898592837124,-0.8671898592837116
Hindu,alpha,increase,5.000000000000004,-0.43699750900123036,-0.8739950180024599
Hindu,beta,decrease,-5.000000000000004,-0.4867543208533789,-0.9735086417067569
Hindu,beta,decrease,-9.999999999999998,-1.0229158036570425,-1.0229158036570427
Hindu,h_D,decrease,-5.000000000000004,-0.5258158181726458,-1.0516316363452907
Hindu,h_D,decrease,-9.999999999999998,-1.0970724194792183,-1.0970724194792185
Hindu,d,increase,19.999999999999996,-106.31566103823411,-53.15783051911707
Hindu,d,increase,10.000000000000009,-57.96623239937446,-57.96623239937441
Hindu,d,increase,5.000000000000004,-30.357029771318935,-60.71405954263781
Islamic,d,decrease,-9.999999999999998,46.312933036069694,46.3129330360697
Islamic,d,decrease,-5.000000000000004,21.945577043710273,43.89115408742051
Islamic,h_D,increase,5.000000000000004,0.37481829618775464,0.7496365923755086
Islamic,h_D,increase,10.000000000000009,0.724857900880238,0.7248579008802374
Islamic,beta,increase,5.000000000000004,0.35375557623257237,0.7075111524651441
Islamic,h_D,increase,19.999999999999996,1.3598269610450302,0.6799134805225152
Islamic,beta,increase,10.000000000000009,0.6778529986112289,0.6778529986112284
Islamic,alpha,decrease,-9.999999999999998,0.6704204615685398,0.67042046156854
Islamic,alpha,decrease,-5.000000000000004,0.33118391536271474,0.6623678307254289
Islamic,beta,increase,19.999999999999996,1.251146115969675,0.6255730579848376
Islamic,p_D,increase,5.000000000000004,0.09510765185126502,0.19021530370252987
Islamic,p_D,increase,10.000000000000009,0.18162512198955483,0.18162512198955466
Islamic,p_D,increase,19.999999999999996,0.33315908239092096,0.1665795411954605
Islamic,h_A,increase,5.000000000000004,0.06647718066392372,0.13295436132784733
Islamic,h_A,increase,10.000000000000009,0.12926260175242987,0.12926260175242976
Islamic,h_A,increase,19.999999999999996,0.24492357591623204,0.12246178795811605
Islamic,p_A,increase,5.000000000000004,0.006255025457448937,0.012510050914897864
Islamic,p_A,increase,10.000000000000009,0.01229371638584098,0.01229371638584097
Islamic,p_A,increase,19.999999999999996,0.023765446681352387,0.011882723340676197
Islamic,p_A,decrease,-5.000000000000004,-0.006483228051877177,-0.012966456103754341
Islamic,p_A,decrease,-9.999999999999998,-0.013207367231416356,-0.01320736723141636
Islamic,h_A,decrease,-5.000000000000004,-0.07050448678967314,-0.14100897357934614
Islamic,h_A,decrease,-9.999999999999998,-0.14541371714801699,-0.145413717148017
Islamic,p_D,decrease,-5.000000000000004,-0.10504406659504184,-0.2100881331900835
Islamic,p_D,decrease,-9.999999999999998,-0.2216674814779367,-0.22166748147793675
Islamic,alpha,increase,19.999999999999996,-1.2496837882594605,-0.6248418941297303
Islamic,alpha,increase,10.000000000000009,-0.6393302149348301,-0.6393302149348296
Islamic,alpha,increase,5.000000000000004,-0.3234146449392483,-0.6468292898784961
Islamic,beta,decrease,-5.000000000000004,-0.38780952851334405,-0.7756190570266874
Islamic,h_D,decrease,-5.000000000000004,-0.40232748169722754,-0.8046549633944544
Islamic,beta,decrease,-9.999999999999998,-0.8149929462258001,-0.8149929462258003
Islamic,h_D,decrease,-9.999999999999998,-0.8353115946867433,-0.8353115946867435
Islamic,d,increase,19.999999999999996,-69.62219683705689,-34.81109841852845
Islamic,d,increase,10.000000000000009,-37.947494144213294,-37.94749414421326
Islamic,d,increase,5.000000000000004,-19.869951794657254,-39.73990358931447
Japanese,d,decrease,-9.999999999999998,27.111244175397985,27.111244175397992
Japanese,d,decrease,-5.000000000000004,12.871912146272507,25.743824292544993
Japanese,h_D,increase,5.000000000000004,0.47040806993535966,0.9408161398707184
Japanese,h_D,increase,10.000000000000009,0.9074635665252515,0.9074635665252507
Japanese,h_D,increase,19.999999999999996,1.6948618579127697,0.847430928956385
Japanese,p_D,increase,5.000000000000004,0.2632257066019861,0.5264514132039717
Japanese,beta,increase,5.000000000000004,0.2551060732684789,0.5102121465369573
Japanese,p_D,increase,10.000000000000009,0.5028160087317985,0.5028160087317981
Japanese,beta,increase,10.000000000000009,0.4887703838810751,0.48877038388107463
Japanese,alpha,decrease,-9.999999999999998,0.47457805180258106,0.47457805180258117
Japanese,alpha,decrease,-5.000000000000004,0.23551360739773486,0.4710272147954693
Japanese,p_D,increase,19.999999999999996,0.9227747756420968,0.4613873878210485
Japanese,beta,increase,19.999999999999996,0.9015134498490909,0.45075672492454555
Japanese,h_A,increase,5.000000000000004,0.039023857187316935,0.0780477143746338
Japanese,h_A,increase,10.000000000000009,0.07552815470594965,0.07552815470594958
Japanese,h_A,increase,19.999999999999996,0.14189500244702913,0.07094750122351458
Japanese,p_A,increase,5.000000000000004,0.012894253330273386,0.02578850666054675
Japanese,p_A,increase,10.000000000000009,0.025185104251988832,0.02518510425198881
Japanese,p_A,increase,19.999999999999996,0.04811844776469343,0.02405922388234672
Japanese,p_A,decrease,-5.000000000000004,-0.013543209760598529,-0.027086419521197034
Japanese,p_A,decrease,-9.999999999999998,-0.027785628196852485,-0.027785628196852492
Japanese,h_A,decrease,-5.000000000000004,-0.04181362151487633,-0.0836272430297526
Japanese,h_A,decrease,-9.999999999999998,-0.08672728907953342,-0.08672728907953343
Japanese,alpha,increase,19.999999999999996,-0.9080803996731959,-0.45404019983659805
Japanese,alpha,increase,10.000000000000009,-0.46068605267089424,-0.46068605267089385
Japanese,alpha,increase,5.000000000000004,-0.23204118012984054,-0.4640823602596807
Japanese,beta,decrease,-5.000000000000004,-0.2795415756076238,-0.5590831512152472
Japanese,p_D,decrease,-5.000000000000004,-0.29053999411434006,-0.5810799882286796
Japanese,beta,decrease,-9.999999999999998,-0.587087334718376,-0.5870873347183762
Japanese,p_D,decrease,-9.999999999999998,-0.6128784370879714,-0.6128784370879715
Japanese,h_D,decrease,-5.000000000000004,-0.5077711858274654,-1.0155423716549299
Japanese,h_D,decrease,-9.999999999999998,-1.0575932372999546,-1.0575932372999548
Japanese,d,increase,19.999999999999996,-41.2512226955817,-20.625611347790855
Japanese,d,increase,10.000000000000009,-22.391642960735965,-22.391642960735943
Japanese,d,increase,5.000000000000004,-11.70094387849906,-23.4018877569981
Other Civilizations,d,decrease,-9.999999999999998,25.269246038943947,25.269246038943955
Other Civilizations,d,decrease,-5.000000000000004,11.994807342553088,23.989614685106154
Other Civilizations,h_D,increase,5.000000000000004,0.5907846280742604,1.1815692561485196
Other Civilizations,h_D,increase,10.000000000000009,1.1469115764014077,1.1469115764014066
Other Civilizations,h_D,increase,19.999999999999996,2.166814182331393,1.0834070911656968
Other Civilizations,beta,increase,5.000000000000004,0.49374401690411673,0.9874880338082326
Other Civilizations,beta,increase,10.000000000000009,0.9482848334295682,0.9482848334295673
Other Civilizations,beta,increase,19.999999999999996,1.7566824256397808,0.8783412128198906
Other Civilizations,alpha,decrease,-9.999999999999998,0.8690941279261324,0.8690941279261326
Other Civilizations,alpha,decrease,-5.000000000000004,0.428877510883666,0.8577550217673312
Other Civilizations,p_D,increase,5.000000000000004,0.2635114339804545,0.5270228679609086
Other Civilizations,p_D,increase,10.000000000000009,0.5037798465700689,0.5037798465700685
Other Civilizations,p_D,increase,19.999999999999996,0.9258914503214442,0.4629457251607222
Other Civilizations,h_A,increase,5.000000000000004,0.08759391004497274,0.17518782008994532
Other Civilizations,h_A,increase,10.000000000000009,0.16919276903527702,0.16919276903527689
Other Civilizations,h_A,increase,19.999999999999996,0.316710111858157,0.15835505592907853
Other Civilizations,p_A,increase,5.000000000000004,0.023633734386976357,0.04726746877395267
Other Civilizations,p_A,increase,10.000000000000009,0.04593693100821383,0.04593693100821379
Other Civilizations,p_A,increase,19.999999999999996,0.08697720298491163,0.04348860149245582
Other Civilizations,p_A,decrease,-5.000000000000004,-0.02508699529050773,-0.05017399058101542
Other Civilizations,p_A,decrease,-9.999999999999998,-0.051765547252898614,-0.05176554725289863
Other Civilizations,h_A,decrease,-5.000000000000004,-0.09427510587411803,-0.18855021174823589
Other Civilizations,h_A,decrease,-9.999999999999998,-0.19602645077489456,-0.1960264507748946
Other Civilizations,p_D,decrease,-5.000000000000004,-0.29029859915925726,-0.580597198318514
Other Civilizations,p_D,decrease,-9.999999999999998,-0.6116876475401227,-0.6116876475401228
Other Civilizations,alpha,increase,19.999999999999996,-1.6104435710459484,-0.8052217855229744
Other Civilizations,alpha,increase,10.000000000000009,-0.8254443399086995,-0.8254443399086987
Other Civilizations,alpha,increase,5.000000000000004,-0.4179704780659108,-0.8359409561318208
Other Civilizations,beta,decrease,-5.000000000000004,-0.5380938018072925,-1.076187603614584
Other Civilizations,beta,decrease,-9.999999999999998,-1.126613612421579,-1.1266136124215793
Other Civilizations,h_D,decrease,-5.000000000000004,-0.6288254520236194,-1.2576509040472377
Other Civilizations,h_D,decrease,-9.999999999999998,-1.2995360733737016,-1.2995360733737018
Other Civilizations,d,increase,19.999999999999996,-38.41329289572721,-19.20664644786361
Other Civilizations,d,increase,10.000000000000009,-20.855588960610703,-20.855588960610685
Other Civilizations,d,increase,5.000000000000004,-10.8997923287383,-21.799584657476583
Other Western,d,decrease,-9.999999999999998,13.838388691558478,13.838388691558482
Other Western,d,decrease,-5.000000000000004,6.573700773332334,13.147401546664655
Other Western,h_D,increase,5.000000000000004,0.34167008521313846,0.6833401704262764
Other Western,h_D,increase,10.000000000000009,0.6653781736284543,0.6653781736284538
Other Western,beta,increase,5.000000000000004,0.32102719924013456,0.6420543984802686
Other Western,h_D,increase,19.999999999999996,1.2643222616525946,0.6321611308262974
Other Western,beta,increase,10.000000000000009,0.6157117910371284,0.6157117910371278
Other Western,beta,increase,19.999999999999996,1.1375994202353894,0.5687997101176948
Other Western,alpha,decrease,-9.999999999999998,0.44727726759268194,0.44727726759268205
Other Western,alpha,decrease,-5.000000000000004,0.21969897518897596,0.43939795037795154
Other Western,p_D,increase,5.000000000000004,0.1992910157662351,0.39858203153246985
Other Western,p_D,increase,10.000000000000009,0.3811186212978015,0.38111862129780116
Other Western,p_D,increase,19.999999999999996,0.7008255274969173,0.3504127637484587
Other Western,h_A,increase,5.000000000000004,0.06882051294063274,0.13764102588126537
Other Western,h_A,increase,10.000000000000009,0.13258491226454794,0.13258491226454783
Other Western,h_A,increase,19.999999999999996,0.24702210519801326,0.12351105259900666
Other Western,p_A,increase,5.000000000000004,0.025464314475769356,0.050928628951538664
Other Western,p_A,increase,10.000000000000009,0.04955209227698276,0.04955209227698272
Other Western,p_A,increase,19.999999999999996,0.09402161615911098,0.0470108080795555
Other Western,p_A,decrease,-5.000000000000004,-0.026962316830875466,-0.05392463366175088
Other Western,p_A,decrease,-9.999999999999998,-0.055558828668026194,-0.05555882866802621
Other Western,h_A,decrease,-5.000000000000004,-0.07450304559824872,-0.1490060911964973
Other Western,h_A,decrease,-9.999999999999998,-0.15542302226269555,-0.15542302226269558
Other Western,alpha,increase,19.999999999999996,-0.8076508290133262,-0.4038254145066632
Other Western,alpha,increase,10.000000000000009,-0.4173407188834659,-0.4173407188834655
Other Western,alpha,increase,5.000000000000004,-0.21222155064204173,-0.4244431012840831
Other Western,p_D,decrease,-5.000000000000004,-0.21939721407889579,-0.4387944281577912
Other Western,p_D,decrease,-9.999999999999998,-0.46210500009435407,-0.4621050000943542
Other Western,beta,decrease,-5.000000000000004,-0.350888603555191,-0.7017772071103814
Other Western,h_D,decrease,-5.000000000000004,-0.36118153505731243,-0.7223630701146242
Other Western,beta,decrease,-9.999999999999998,-0.7358011597131906,-0.7358011597131907
Other Western,h_D,decrease,-9.999999999999998,-0.7436090692857675,-0.7436090692857676
Other Western,d,increase,19.999999999999996,-21.131871550261664,-10.565935775130834
Other Western,d,increase,10.000000000000009,-11.455616558657198,-11.455616558657187
Other Western,d,increase,5.000000000000004,-5.982549060302617,-11.965098120605223
Sinic,d,decrease,-9.999999999999998,143.604076508278,143.60407650827804
Sinic,d,decrease,-5.000000000000004,68.02877466157906,136.057549323158
Sinic,beta,increase,5.000000000000004,1.0138942382168352,2.0277884764336687
Sinic,beta,increase,10.000000000000009,1.9405919241812626,1.9405919241812608
Sinic,beta,increase,19.999999999999996,3.574287375850645,1.7871436879253229
Sinic,h_D,increase,5.000000000000004,0.8834758999576025,1.7669517999152033
Sinic,alpha,decrease,-9.999999999999998,1.7286466767475304,1.7286466767475308
Sinic,h_D,increase,10.000000000000009,1.711799470581127,1.7117994705811255
Sinic,alpha,decrease,-5.000000000000004,0.8513368067358442,1.7026736134716869
Sinic,h_D,increase,19.999999999999996,3.222437546131232,1.6112187730656164
Sinic,h_A,increase,5.000000000000004,0.1334015081583857,0.26680301631677117
Sinic,h_A,increase,10.000000000000009,0.25749569311824416,0.25749569311824394
Sinic,h_A,increase,19.999999999999996,0.4814040718367778,0.24070203591838896
Sinic,p_D,increase,5.000000000000004,0.07589943398943433,0.15179886797886852
Sinic,p_D,increase,10.000000000000009,0.14493621203996554,0.1449362120399654
Sinic,p_D,increase,19.999999999999996,0.26583600535309415,0.1329180026765471
Sinic,p_A,increase,5.000000000000004,0.006846061548685611,0.01369212309737121
Sinic,p_A,increase,10.000000000000009,0.013300269997216674,0.013300269997216662
Sinic,p_A,increase,19.999999999999996,0.02516051630163929,0.012580258150819649
Sinic,p_A,decrease,-5.000000000000004,-0.007274629138464661,-0.01454925827692931
Sinic,p_A,decrease,-9.999999999999998,-0.015019395775425437,-0.01501939577542544
Sinic,p_D,decrease,-5.000000000000004,-0.08383885383068446,-0.16767770766136877
Sinic,p_D,decrease,-9.999999999999998,-0.17693168303503626,-0.17693168303503629
Sinic,h_A,decrease,-5.000000000000004,-0.143796725565835,-0.28759345113166973
Sinic,h_A,decrease,-9.999999999999998,-0.29925309817508605,-0.2992530981750861
Sinic,alpha,increase,19.999999999999996,-3.1673953844485823,-1.5836976922242916
Sinic,alpha,increase,10.000000000000009,-1.6292354315078228,-1.6292354315078212
Sinic,alpha,increase,5.000000000000004,-0.826500291555476,-1.6530005831109504
Sinic,h_D,decrease,-5.000000000000004,-0.9443276931131095,-1.8886553862262172
Sinic,h_D,decrease,-9.999999999999998,-1.9560203952114534,-1.9560203952114539
Sinic,beta,decrease,-5.000000000000004,-1.1141918337498282,-2.2283836674996547
Sinic,beta,decrease,-9.999999999999998,-2.3445520586210478,-2.344552058621048
Sinic,d,increase,19.999999999999996,-215.51939875558492,-107.75969937779249
Sinic,d,increase,10.000000000000009,-117.5349674550713,-117.5349674550712
Sinic,d,increase,5.000000000000004,-61.56050954812645,-123.12101909625278
United States,d,decrease,-9.999999999999998,69.67002991050242,69.67002991050244
United States,d,decrease,-5.000000000000004,32.99577011850488,65.9915402370097
United States,alpha,decrease,-9.999999999999998,3.1087061909081513,3.108706190908152
United States,alpha,decrease,-5.000000000000004,1.5358000794664122,3.0716001589328217
United States,h_D,increase,5.000000000000004,1.5230246731628085,3.0460493463256144
United States,h_D,increase,10.000000000000009,2.9432864429837764,2.9432864429837737
United States,beta,increase,5.000000000000004,1.4436038578897978,2.887207715779593
United States,beta,increase,10.000000000000009,2.786620087388542,2.786620087388539
United States,h_D,increase,19.999999999999996,5.514516510952262,2.7572582554761316
United States,beta,increase,19.999999999999996,5.210084860130451,2.6050424300652257
United States,p_D,increase,5.000000000000004,0.16507043767762752,0.33014087535525477
United States,p_D,increase,10.000000000000009,0.31527558078323636,0.3152755807832361
United States,p_D,increase,19.999999999999996,0.5784585012917205,0.2892292506458603
United States,h_A,increase,5.000000000000004,0.041086964398800774,0.08217392879760148
United States,h_A,increase,10.000000000000009,0.07873889812390189,0.07873889812390182
United States,h_A,increase,19.999999999999996,0.1453278715248416,0.07266393576242082
United States,p_A,increase,5.000000000000004,0.006951005645760233,0.013902011291520454
United States,p_A,increase,10.000000000000009,0.013399930186665188,0.013399930186665176
United States,p_A,increase,19.999999999999996,0.024994419341055618,0.012497209670527813
United States,p_A,decrease,-5.000000000000004,-0.0075141123996900205,-0.015028224799380027
United States,p_A,decrease,-9.999999999999998,-0.01566265221458707,-0.015662652214587073
United States,h_A,decrease,-5.000000000000004,-0.04501451335920592,-0.09002902671841176
United States,h_A,decrease,-9.999999999999998,-0.09454801350443631,-0.09454801350443634
United States,p_D,decrease,-5.000000000000004,-0.1822573728294401,-0.36451474565887987
United States,p_D,decrease,-9.999999999999998,-0.38453332272354146,-0.38453332272354157
United States,alpha,increase,19.999999999999996,-5.7971978758743035,-2.898598937937152
United States,alpha,increase,10.000000000000009,-2.9654089581979406,-2.965408958197938
United States,alpha,increase,5.000000000000004,-1.499990686622482,-2.999981373244961
United States,beta,decrease,-5.000000000000004,-1.5558876410262883,-3.111775282052574
United States,beta,decrease,-9.999999999999998,-3.237639860130912,-3.237639860130913
United States,h_D,decrease,-5.000000000000004,-1.63736893224484,-3.2747378644896767
United States,h_D,decrease,-9.999999999999998,-3.402473456114876,-3.402473456114877
United States,d,increase,19.999999999999996,-104.42956381060935,-52.21478190530469
United States,d,increase,10.000000000000009,-56.970363027040776,-56.970363027040726
United States,d,increase,5.000000000000004,-29.844856507675672,-59.689713015351295
