group,I0,r,epsilon,r_obs,r_critical,c_bar,k_groups_observed,k_used,M_threshold,T_equilibrium,D_eq,A_eq,H_D_eq,H_A_eq,P_D_eq,P_A_eq,margin_to_threshold_T,P_D_equilibrium
Anglosphere ex-US,1.7400468705165542,0.008045184002867245,0.006666666666666667,0.06470588235294118,0.01609036800573449,4.791139240506329,25,25,119.77848101265822,165.2142130586779,9.788970402818567,4.098566580752333,10.417721009086227,4.584363177038297,145.0075216467731,14.313713906051241,45.43573204601968,145.0075216467731
Continental Europe,3.424101459919658,0.010341500213371546,0.0033333333333333335,0.06568627450980392,0.020683000426743092,4.964200477326969,26,26,129.0692124105012,276.6259059719899,21.59505960489115,7.591269424955885,24.262036007733226,4.848955977886222,230.7688103593655,14.66362560987158,147.5566935614887,230.7688103593655
Hindu,2.1914470105364616,0.00410682546089447,0.006666666666666667,0.07647058823529411,0.00821365092178894,3.1447963800904977,21,21,66.04072398190046,355.0265162052521,20.06566074851344,2.853328886091613,17.206467357484755,2.2574820838674063,317.7543880992539,1.0890873156320005,288.98579222335167,317.7543880992539
Islamic,1.5532041056955195,0.0046927358916946105,0.008333333333333333,0.06862745098039215,0.009385471783389221,4.08130081300813,31,31,126.52032520325203,234.49534577152954,15.370713790536785,2.8608393865608335,15.910641836423869,1.647625035339238,203.2139901445689,0.9015893539038915,107.97502056827751,203.2139901445689
Japanese,1.7737287603866285,0.012670878623339377,0.007407407407407408,0.07625272331154684,0.025341757246678753,4.20627802690583,12,12,50.47533632286996,138.23001525860423,22.703353687399975,1.5636132080422664,17.066718622071846,1.4188781593633022,98.45994294913241,1.3307024574660073,87.75467893573426,98.45994294913241
Other Civilizations,1.711289311259558,0.01385811305954121,0.008,0.08,0.02771622611908242,4.980769230769231,21,21,104.59615384615385,125.19085357730981,21.100967772477905,3.0775970468327607,16.61585576996664,2.4331977217488676,87.47403003486527,3.401289465849757,20.594699731155956,87.47403003486527
Other Western,1.0935660885727385,0.01735628821688806,0.00909090909090909,0.06417112299465241,0.03471257643377612,3.811320754716981,15,15,57.16981132075472,65.12470340004741,8.553503503152847,1.765759899239544,8.291129492039135,1.8335685471698144,48.28007040485543,2.2758614032339857,7.954892079292691,48.28007040485543
Sinic,3.4463186218426216,0.0030410715487505513,0.0035714285714285713,0.06407563025210085,0.006082143097501103,4.681003584229391,24,24,112.34408602150538,713.3611575971303,29.96710568639375,4.937400372345761,18.23976862511517,3.6744361273070485,665.1542832856213,5.621202242033166,601.0170715756249,665.1542832856213
United States,3.325918539440239,0.0068815775161965576,0.0035714285714285713,0.06512605042016807,0.013763155032393115,4.7319034852546915,28,28,132.49329758713137,352.35426593424376,17.733717153774315,2.60118931566247,18.753217483698116,4.9020354547132,315.86733129677134,17.007267046354286,219.8609683471124,315.86733129677134
